price_bin,n,Open,High,Low,Close
<$1,160592,0.0296465577363754,0.033102520673508,0.0211903457208329,0.0362284547175451
$1-5,959090,0.0383290410701811,0.0350717867979022,0.0375960545934167,0.0326215475085758
$5-10,990692,0.0508028731432171,0.0466643517864281,0.0460375172101925,0.0420181045168428
$10-25,2777207,0.0510156426942608,0.0461704871116917,0.0458611835559971,0.0406105846629365
$25-50,2596240,0.0474101007611007,0.0404793085385018,0.0407774319785536,0.0341012387144486
$50-100,1410185,0.0619301722823601,0.0506685293064385,0.0509174328190982,0.0426936891258948
$100-250,716665,0.0987281365770618,0.0789546022200052,0.078940648699183,0.0674694592313005
$250-1k,202151,0.21303382125243,0.183066123838121,0.185084417094152,0.164802548589915
>$1k,56919,0.687134348811469,0.665524692984768,0.66923171524447,0.653208946046136
