cent,n,series,share
0,31699,Adjusted close,0.0100076812165683
1,31556,Adjusted close,0.00996253473201141
2,31867,Adjusted close,0.0100607204431806
3,31605,Adjusted close,0.00997800450644
4,31800,Adjusted close,0.0100395678944721
5,31775,Adjusted close,0.0100316751524167
6,31753,Adjusted close,0.010024729539408
7,32093,Adjusted close,0.0101320708313615
8,31533,Adjusted close,0.00995527340932044
9,31294,Adjusted close,0.0098798187952708
10,32057,Adjusted close,0.0101207052828017
11,31660,Adjusted close,0.00999536853896189
12,31716,Adjusted close,0.010013048281166
13,31316,Adjusted close,0.00988676440827955
14,32066,Adjusted close,0.0101235466699416
15,31670,Adjusted close,0.00999852563578405
16,31601,Adjusted close,0.00997674166771114
17,31607,Adjusted close,0.00997863592580444
18,31890,Adjusted close,0.0100679817658716
19,31770,Adjusted close,0.0100300966040057
20,31654,Adjusted close,0.00999347428086859
21,32081,Adjusted close,0.0101282823151749
22,32028,Adjusted close,0.0101115497020174
23,32028,Adjusted close,0.0101115497020174
24,31958,Adjusted close,0.0100894500242623
25,31813,Adjusted close,0.010043672120341
26,31713,Adjusted close,0.0100121011521193
27,31324,Adjusted close,0.00988929008573728
28,31653,Adjusted close,0.00999315857118638
29,31691,Adjusted close,0.0100051555391106
30,31435,Adjusted close,0.00992433386046327
31,31444,Adjusted close,0.00992717524760321
32,31191,Adjusted close,0.00984730069800254
33,31587,Adjusted close,0.00997232173216011
34,31255,Adjusted close,0.00986750611766437
35,31714,Adjusted close,0.0100124168618016
36,31384,Adjusted close,0.00990823266667024
37,31585,Adjusted close,0.00997169031279568
38,31391,Adjusted close,0.00991044263444576
39,31511,Adjusted close,0.00994832779631169
40,31656,Adjusted close,0.00999410570023303
41,31667,Adjusted close,0.0099975785067374
42,31583,Adjusted close,0.00997105889343125
43,31993,Adjusted close,0.0101004998631399
44,31492,Adjusted close,0.00994232931234958
45,31749,Adjusted close,0.0100234667006791
46,31297,Adjusted close,0.00988076592431744
47,31837,Adjusted close,0.0100512491527141
48,31686,Adjusted close,0.0100035769906995
49,31527,Adjusted close,0.00995337915122715
50,31807,Adjusted close,0.0100417778622477
51,31409,Adjusted close,0.00991612540872565
52,31413,Adjusted close,0.00991738824745451
53,31573,Adjusted close,0.00996790179660909
54,31126,Adjusted close,0.00982677956865849
55,31582,Adjusted close,0.00997074318374903
56,31669,Adjusted close,0.00999820992610183
57,31626,Adjusted close,0.00998463440976654
58,31425,Adjusted close,0.00992117676364111
59,31614,Adjusted close,0.00998084589357995
60,31992,Adjusted close,0.0101001841534576
61,31797,Adjusted close,0.0100386207654255
62,31734,Adjusted close,0.0100187310554459
63,31652,Adjusted close,0.00999284286150416
64,31771,Adjusted close,0.0100304123136879
65,31467,Adjusted close,0.00993443657029418
66,31782,Adjusted close,0.0100338851201923
67,31745,Adjusted close,0.0100222038619503
68,32236,Adjusted close,0.0101772173159184
69,32035,Adjusted close,0.0101137596697929
70,31922,Adjusted close,0.0100780844757025
71,31545,Adjusted close,0.00995906192550704
72,32149,Adjusted close,0.0101497505735656
73,31667,Adjusted close,0.0099975785067374
74,31662,Adjusted close,0.00999599995832632
75,31802,Adjusted close,0.0100401993138366
76,31745,Adjusted close,0.0100222038619503
77,31687,Adjusted close,0.0100038927003817
78,31663,Adjusted close,0.00999631566800854
79,31573,Adjusted close,0.00996790179660909
80,31745,Adjusted close,0.0100222038619503
81,31651,Adjusted close,0.00999252715182194
82,31845,Adjusted close,0.0100537748301719
83,31733,Adjusted close,0.0100184153457637
84,31501,Adjusted close,0.00994517069948953
85,31531,Adjusted close,0.00995464198995601
86,31862,Adjusted close,0.0100591418947695
87,31746,Adjusted close,0.0100225195716325
88,31757,Adjusted close,0.0100259923781369
89,31865,Adjusted close,0.0100600890238162
90,31541,Adjusted close,0.00995779908677817
91,31846,Adjusted close,0.0100540905398541
92,31445,Adjusted close,0.00992749095728543
93,31581,Adjusted close,0.00997042747406682
94,31857,Adjusted close,0.0100575633463585
95,31546,Adjusted close,0.00995937763518925
96,31540,Adjusted close,0.00995748337709596
97,31650,Adjusted close,0.00999221144213973
98,31539,Adjusted close,0.00995716766741374
99,31561,Adjusted close,0.0099641132804225
0,55306,Close (as traded),0.0174606396846439
1,32332,Close (as traded),0.0102075254454111
2,30926,Close (as traded),0.00976363763221527
3,30774,Close (as traded),0.00971564976051842
4,30354,Close (as traded),0.00958305169398766
5,33170,Close (as traded),0.0104720901591082
6,31295,Close (as traded),0.00988013450495301
7,30396,Close (as traded),0.00959631150064073
8,32222,Close (as traded),0.0101727973803673
9,29872,Close (as traded),0.0094308796271595
10,37358,Close (as traded),0.0117942823082293
11,30206,Close (as traded),0.00953632666101967
12,31975,Close (as traded),0.01009481708886
13,29287,Close (as traded),0.00924618946306307
14,30490,Close (as traded),0.00962598821076905
15,34303,Close (as traded),0.0108297892290591
16,30616,Close (as traded),0.00966576763072828
17,31070,Close (as traded),0.00980909982645439
18,30872,Close (as traded),0.0097465893093756
19,30699,Close (as traded),0.00969197153435221
20,37874,Close (as traded),0.0119571885042528
21,29434,Close (as traded),0.00929259878634884
22,30962,Close (as traded),0.00977500318077505
23,29814,Close (as traded),0.00941256846559096
24,30891,Close (as traded),0.0097525877933377
25,36753,Close (as traded),0.0116032779504885
26,30876,Close (as traded),0.00974785214810446
27,29696,Close (as traded),0.00937531472308946
28,31148,Close (as traded),0.00983372518166724
29,29597,Close (as traded),0.00934405946455007
30,36172,Close (as traded),0.011419850625121
31,30475,Close (as traded),0.00962125256553581
32,30398,Close (as traded),0.00959694292000516
33,30963,Close (as traded),0.00977531889045727
34,29808,Close (as traded),0.00941067420749766
35,33497,Close (as traded),0.0105753272251929
36,30490,Close (as traded),0.00962598821076905
37,28833,Close (as traded),0.00910285726733696
38,30556,Close (as traded),0.00964682504979531
39,29972,Close (as traded),0.0094624505953811
40,38766,Close (as traded),0.0122388015407895
41,29852,Close (as traded),0.00942456543351517
42,30996,Close (as traded),0.0097857373099704
43,29430,Close (as traded),0.00929133594761998
44,30850,Close (as traded),0.00973964369636685
45,32596,Close (as traded),0.0102908728015162
46,29362,Close (as traded),0.00926986768922928
47,29937,Close (as traded),0.00945140075650354
48,30760,Close (as traded),0.0097112298249674
49,31018,Close (as traded),0.00979268292297915
50,43708,Close (as traded),0.0137990387903015
51,31009,Close (as traded),0.00978984153583921
52,30725,Close (as traded),0.00970017998608983
53,30240,Close (as traded),0.00954706079021502
54,28919,Close (as traded),0.00913000830000754
55,32835,Close (as traded),0.0103663274155658
56,31198,Close (as traded),0.00984951066577805
57,29556,Close (as traded),0.0093311153675792
58,30752,Close (as traded),0.00970870414750967
59,29364,Close (as traded),0.00927049910859371
60,38269,Close (as traded),0.0120818938287281
61,29475,Close (as traded),0.0093055428833197
62,30474,Close (as traded),0.00962093685585359
63,28593,Close (as traded),0.0090270869436051
64,29963,Close (as traded),0.00945960920824116
65,33456,Close (as traded),0.010562383128222
66,29761,Close (as traded),0.00939583585243351
67,30715,Close (as traded),0.00969702288926767
68,30289,Close (as traded),0.00956253056464361
69,30334,Close (as traded),0.00957673750034333
70,35622,Close (as traded),0.0112462102999021
71,29188,Close (as traded),0.00921493420452368
72,31302,Close (as traded),0.00988234447272852
73,29459,Close (as traded),0.00930049152840424
74,30819,Close (as traded),0.00972985669621815
75,36461,Close (as traded),0.0115110907232814
76,31262,Close (as traded),0.00986971608543988
77,29731,Close (as traded),0.00938636456196702
78,30856,Close (as traded),0.00974153795446014
79,29205,Close (as traded),0.00922030126912135
80,37589,Close (as traded),0.0118672112448212
81,30527,Close (as traded),0.00963766946901104
82,29957,Close (as traded),0.00945771495014786
83,30376,Close (as traded),0.00958999730699641
84,30310,Close (as traded),0.00956916046797015
85,33707,Close (as traded),0.0106416262584583
86,30036,Close (as traded),0.00948265601504293
87,28978,Close (as traded),0.0091486351712583
88,31309,Close (as traded),0.00988455444050404
89,29583,Close (as traded),0.00933963952899904
90,36734,Close (as traded),0.0115972794665264
91,29699,Close (as traded),0.00937626185213611
92,31677,Close (as traded),0.0100007356035596
93,29735,Close (as traded),0.00938762740069589
94,31006,Close (as traded),0.00978889440679256
95,32783,Close (as traded),0.0103499105120906
96,30427,Close (as traded),0.00960609850078943
97,30620,Close (as traded),0.00966703046945714
98,31134,Close (as traded),0.00982930524611622
99,32441,Close (as traded),0.0102419378007727
